<?xml version="1.0" encoding="UTF-8"?>
<!DOCTYPE mapper
PUBLIC "-//mybaris.org//DTO Mapper 3.0//EN"
"http://mybatis/.org/dtd/mybatis-3-mapper.dtd">

<mapper namespace="com.osk.project.persistence.ReservationInfoMapper">
	
	<resultMap type="com.osk.project.domain.ReservationInfoVO" id="reservationinfoResultMap">
	
		<id property="reservationNo" column="RESERVATION_NO" />
		<result property="reservationLodgingType" column="RESERVATION_LODGING_TYPE" />
		<result property="reservationLodgingNo" column="RESERVATION_LODGING_NO" />
		<result property="reservationRoomNo" column="RESERVATION_ROOM_NO" />
		<result property="reservationUserId" column="RESERVATION_USERID" />
		<result property="reservationUserName" column="RESERVATION_USERNAME" />
		<result property="reservationCheckIn" column="RESERVATION_CHECK_IN" />
		<result property="reservationCheckOut" column="RESERVATION_CHECK_OUT" />
		<result property="reservationTotalPrice" column="RESERVATION_TOTAL_PRICE" />
	
	</resultMap>

	<insert id="insert"> <!-- 예약 정보 등록 -->
		INSERT INTO RESERVATION_INFO
		(RESERVATION_NO, RESERVATION_LODGING_TYPE, RESERVATION_LODGING_NO,
		RESERVATION_ROOM_NO, RESERVATION_USERID, RESERVATION_USERNAME, 
		RESERVATION_CHECK_IN, RESERVATION_CHECK_OUT, RESERVATION_TOTAL_PRICE)
		VALUES (RESERVATION_INFO_SEQ.NEXTVAL, #{reservationLodgingType}, #{reservationLodgingNo}, 
		#{reservationRoomNo}, #{reservationUserId}, #{reservationUserName},
		#{reservationCheckIn}, #{reservationCheckOut}, #{reservationTotalPrice})
	</insert>
	
	<select id="selectList" resultMap="reservationinfoResultMap"> <!-- 전체 예약 정보 조회 -->
		SELECT * FROM RESERVATION_INFO ORDER BY RESERVATION_NO DESC
	</select>
	
	<select id="selectListByDate" resultMap="reservationinfoResultMap"> <!-- 일정 기간 내의 예약 정보 검색 -->
		SELECT * FROM RESERVATION_INFO
		WHERE RESERVATION_CHECK_IN BETWEEN #{reservationCheckIn} AND #{reservationCheckOut} 
		OR RESERVATION_CHECK_OUT BETWEEN #{reservationCheckIn} AND #{reservationCheckOut};
	</select>
	
	<update id="update"> <!-- 투숙객, 예약 날짜 수정 -->
		UPDATE RESERVATION_INFO
		SET RESERVATION_USERNAME = #{reservationUserName}, 
			RESERVATION_CHECK_IN = #{reservationCheckIn},
			RESERVATION_CHECK_OUT = #{reservationCheckOut}
		WHERE RESERVATION_NO = #{reservationNo}
	</update>
	
	<delete id="delete"> <!-- 예약 정보 삭제 -->
		DELETE RESERVATION_INFO
		WHERE RESERVATION_NO = #{reservationNo}
	</delete>
	

</mapper>
