<?xml version="1.0" encoding="UTF-8"?>
<!DOCTYPE mapper
PUBLIC "-//mybatis.org//DTD Mapper 3.0//EN"
"http://mybatis.org/dtd/mybatis-3-mapper.dtd">

<mapper namespace="com.osk.project.persistence.ReservationInfoMapper">
	
	<resultMap type="com.osk.project.domain.ReservationInfoVO" id="reservationinfoResultMap">
	
		<id property="reservationNo" column="RESERVATION_NO" />
		<result property="reservationLodgingType" column="RESERVATION_LODGING_TYPE" />
		<result property="reservationLodgingNo" column="RESERVATION_LODGING_NO" />
		<result property="reservationLodgingName" column="RESERVATION_LODGING_NAME" />
		<result property="reservationRoomNo" column="RESERVATION_ROOM_NO" />
		<result property="reservationUserId" column="RESERVATION_USERID" />
		<result property="reservationFirstName" column="RESERVATION_FIRSTNAME" />
		<result property="reservationLastName" column="RESERVATION_LASTNAME" />
		<result property="reservationCheckIn" column="RESERVATION_CHECK_IN" />
		<result property="reservationCheckOut" column="RESERVATION_CHECK_OUT" />
		<result property="reservationTotalPrice" column="RESERVATION_TOTAL_PRICE" />
	
	</resultMap>

	<insert id="insert"> <!-- 예약 정보 등록 -->
		INSERT INTO RESERVATION_INFO
		(RESERVATION_NO, RESERVATION_LODGING_TYPE, RESERVATION_LODGING_NO, RESERVATION_LODGING_NAME, 
		RESERVATION_ROOM_NO, RESERVATION_USERID, RESERVATION_FIRSTNAME, RESERVATION_LASTNAME,  
		RESERVATION_CHECK_IN, RESERVATION_CHECK_OUT, RESERVATION_TOTAL_PRICE)
		VALUES (RESERVATION_INFO_SEQ.NEXTVAL, #{reservationLodgingType}, #{reservationLodgingNo}, 
		#{reservationLodgingName}, #{reservationRoomNo}, #{reservationUserId},
		#{reservationFirstName}, #{reservationLastName}, #{reservationCheckIn}, 
		#{reservationCheckOut}, #{reservationTotalPrice})
	</insert>
	
	<select id="selectList" resultMap="reservationinfoResultMap"> <!-- 전체 예약 정보 조회 -->
		SELECT * FROM RESERVATION_INFO ORDER BY RESERVATION_NO DESC
	</select>
	
	<select id="selectListByDate" resultMap="reservationinfoResultMap"> <!-- 일정 기간 내의 예약 정보 검색 -->
		SELECT * FROM RESERVATION_INFO
		WHERE RESERVATION_CHECK_IN BETWEEN #{reservationCheckIn} AND #{reservationCheckOut} 
		OR RESERVATION_CHECK_OUT BETWEEN #{reservationCheckIn} AND #{reservationCheckOut};
	</select>
	
	<select id="selectOne" resultMap="reservationinfoResultMap">
		SELECT * FROM RESERVATION_INFO
		WHERE RESERVATION_NO = #{reservationNo}
	</select>
	
	<update id="update"> <!-- 투숙객, 예약 날짜 수정 -->
		UPDATE RESERVATION_INFO
		SET RESERVATION_FIRSTNAME = #{reservationFirstName},
			RESERVATION_LASTNAME = #{reservationLastName}, 
			RESERVATION_CHECK_IN = #{reservationCheckIn},
			RESERVATION_CHECK_OUT = #{reservationCheckOut}
		WHERE RESERVATION_NO = #{reservationNo}
	</update>
	
	<delete id="delete"> <!-- 예약 정보 삭제 -->
		DELETE RESERVATION_INFO
		WHERE RESERVATION_NO = #{reservationNo}
	</delete>
	
	<select id="selectListByPagination" resultMap="reservationinfoResultMap"> <!-- 페이징 처리 -->
		SELECT * FROM (
		SELECT ROW_NUMBER() OVER (ORDER BY RESERVATION_NO DESC) AS RN, RESERVATION_INFO.* 
		FROM RESERVATION_INFO
		)
		WHERE RN BETWEEN #{start} AND #{end}
	</select>
	
	<select id="selectTotalCount" resultType="Integer"> <!-- 예약 정보 전체 개수 -->
		SELECT COUNT(*) TOTAL_COUNT FROM RESERVATION_INFO
	</select>
	
</mapper>
